<appaction uniquename="ss__CallAction!678995d335c64803b7d0ab278aa0c79e!cr266_StudentApp!ss_student!0">
  <appmoduleid>
    <uniquename>cr266_StudentApp</uniquename>
  </appmoduleid>
  <buttonlabeltext default="Call Action">
    <label description="Call Action" languagecode="1033" />
  </buttonlabeltext>
  <context>1</context>
  <contextentity>
    <logicalname>ss_student</logicalname>
  </contextentity>
  <contextvalue>ss_student</contextvalue>
  <hidden>0</hidden>
  <iscustomizable>1</iscustomizable>
  <isdisabled>0</isdisabled>
  <isgrouptitlehidden>0</isgrouptitlehidden>
  <location>0</location>
  <name>CallAction!678995d335c64803b7d0ab278aa0c79e</name>
  <onclickeventjavascriptfunctionname>CallingCustomAction</onclickeventjavascriptfunctionname>
  <onclickeventjavascriptparameters>[{"type":5}]</onclickeventjavascriptparameters>
  <onclickeventjavascriptwebresourceid>
    <webresourceid>724586d8-f12d-ef11-8e4f-000d3a0a828a</webresourceid>
  </onclickeventjavascriptwebresourceid>
  <onclickeventtype>2</onclickeventtype>
  <origin>0</origin>
  <sequence>100100005.5000000000</sequence>
  <statecode>0</statecode>
  <statuscode>1</statuscode>
  <type>0</type>
  <visibilitytype>0</visibilitytype>
</appaction>